一	10
右	10
雨	10
円	10
王	10
音	10
下	10
火	10
花	10
貝	10
学	10
気	10
休	10
玉	10
金	10
九	10
空	10
月	10
犬	10
見	10
五	10
口	10
校	10
左	10
三	10
山	10
四	10
子	10
糸	10
字	10
耳	10
七	10
車	10
手	10
十	10
出	10
女	10
小	10
上	10
森	10
人	10
水	10
正	10
生	10
青	10
石	10
赤	10
先	10
千	10
川	10
早	10
草	10
足	10
村	10
大	10
男	10
竹	10
中	10
虫	10
町	10
天	10
田	10
土	10
二	10
日	10
入	10
年	10
白	10
八	10
百	10
文	10
本	10
名	10
木	10
目	10
夕	10
立	10
力	10
林	10
六	10
引	9
羽	9
雲	9
園	9
遠	9
黄	9
何	9
夏	9
家	9
科	9
歌	9
画	9
会	9
回	9
海	9
絵	9
外	9
角	9
楽	9
活	9
間	9
丸	9
岩	9
顔	9
帰	9
汽	9
記	9
弓	9
牛	9
魚	9
京	9
強	9
教	9
近	9
兄	9
形	9
計	9
元	9
原	9
言	9
古	9
戸	9
午	9
後	9
語	9
交	9
光	9
公	9
工	9
広	9
考	9
行	9
高	9
合	9
国	9
黒	9
今	9
才	9
細	9
作	9
算	9
姉	9
市	9
思	9
止	9
紙	9
寺	9
時	9
自	9
室	9
社	9
弱	9
首	9
秋	9
週	9
春	9
書	9
少	9
場	9
色	9
食	9
心	9
新	9
親	9
図	9
数	9
星	9
晴	9
声	9
西	9
切	9
雪	9
線	9
船	9
前	9
組	9
走	9
多	9
太	9
体	9
台	9
谷	9
知	9
地	9
池	9
茶	9
昼	9
朝	9
長	9
鳥	9
直	9
通	9
弟	9
店	9
点	9
電	9
冬	9
刀	9
東	9
当	9
答	9
頭	9
同	9
道	9
読	9
内	9
南	9
肉	9
馬	9
買	9
売	9
麦	9
半	9
番	9
父	9
風	9
分	9
聞	9
米	9
歩	9
母	9
方	9
北	9
妹	9
毎	9
万	9
明	9
鳴	9
毛	9
門	9
夜	9
野	9
矢	9
友	9
曜	9
用	9
来	9
理	9
里	9
話	9
悪	8
安	8
暗	8
委	8
意	8
医	8
育	8
員	8
飲	8
院	8
運	8
泳	8
駅	8
央	8
横	8
屋	8
温	8
化	8
荷	8
界	8
開	8
階	8
寒	8
感	8
漢	8
館	8
岸	8
期	8
起	8
客	8
宮	8
急	8
球	8
究	8
級	8
去	8
橋	8
業	8
局	8
曲	8
銀	8
区	8
苦	8
具	8
君	8
係	8
軽	8
決	8
血	8
研	8
県	8
庫	8
湖	8
向	8
幸	8
港	8
号	8
根	8
祭	8
坂	8
皿	8
仕	8
使	8
始	8
指	8
死	8
詩	8
歯	8
事	8
持	8
次	8
式	8
実	8
写	8
者	8
主	8
取	8
守	8
酒	8
受	8
州	8
拾	8
終	8
習	8
集	8
住	8
重	8
宿	8
所	8
暑	8
助	8
勝	8
商	8
昭	8
消	8
章	8
乗	8
植	8
深	8
申	8
真	8
神	8
身	8
進	8
世	8
整	8
昔	8
全	8
想	8
相	8
送	8
息	8
速	8
族	8
他	8
打	8
対	8
待	8
代	8
第	8
題	8
炭	8
短	8
談	8
着	8
柱	8
注	8
丁	8
帳	8
調	8
追	8
定	8
庭	8
笛	8
鉄	8
転	8
登	8
都	8
度	8
島	8
投	8
湯	8
等	8
豆	8
動	8
童	8
農	8
波	8
配	8
倍	8
箱	8
畑	8
発	8
反	8
板	8
悲	8
皮	8
美	8
鼻	8
筆	8
氷	8
表	8
病	8
秒	8
品	8
負	8
部	8
服	8
福	8
物	8
平	8
返	8
勉	8
放	8
味	8
命	8
面	8
問	8
役	8
薬	8
油	8
有	8
由	8
遊	8
予	8
様	8
洋	8
羊	8
葉	8
陽	8
落	8
流	8
旅	8
両	8
緑	8
礼	8
列	8
練	8
路	8
和	8
愛	7
案	7
以	7
位	7
囲	7
胃	7
衣	7
印	7
栄	7
英	7
塩	7
億	7
加	7
果	7
課	7
貨	7
芽	7
改	7
械	7
害	7
街	7
各	7
覚	7
完	7
官	7
管	7
観	7
関	7
願	7
喜	7
器	7
希	7
旗	7
機	7
季	7
紀	7
議	7
救	7
求	7
泣	7
給	7
挙	7
漁	7
競	7
共	7
協	7
鏡	7
極	7
訓	7
軍	7
郡	7
型	7
径	7
景	7
芸	7
欠	7
結	7
健	7
建	7
験	7
固	7
候	7
功	7
好	7
康	7
航	7
告	7
差	7
最	7
菜	7
材	7
昨	7
刷	7
察	7
札	7
殺	7
参	7
散	7
産	7
残	7
司	7
史	7
士	7
氏	7
試	7
児	7
治	7
辞	7
失	7
借	7
種	7
周	7
祝	7
順	7
初	7
唱	7
松	7
焼	7
照	7
省	7
笑	7
象	7
賞	7
信	7
臣	7
成	7
清	7
静	7
席	7
積	7
折	7
節	7
説	7
戦	7
浅	7
選	7
然	7
倉	7
巣	7
争	7
側	7
束	7
続	7
卒	7
孫	7
帯	7
隊	7
達	7
単	7
置	7
仲	7
貯	7
兆	7
腸	7
低	7
停	7
底	7
的	7
典	7
伝	7
徒	7
努	7
灯	7
働	7
堂	7
得	7
特	7
毒	7
熱	7
念	7
敗	7
梅	7
博	7
飯	7
費	7
飛	7
必	7
標	7
票	7
不	7
付	7
夫	7
府	7
副	7
粉	7
兵	7
別	7
変	7
辺	7
便	7
包	7
法	7
望	7
牧	7
末	7
満	7
未	7
脈	7
民	7
無	7
約	7
勇	7
要	7
養	7
浴	7
利	7
陸	7
料	7
良	7
量	7
輪	7
類	7
令	7
例	7
冷	7
歴	7
連	7
労	7
老	7
録	7
圧	6
易	6
移	6
因	6
営	6
永	6
衛	6
液	6
益	6
演	6
往	6
応	6
恩	6
仮	6
価	6
可	6
河	6
過	6
賀	6
解	6
快	6
格	6
確	6
額	6
刊	6
幹	6
慣	6
眼	6
基	6
寄	6
規	6
技	6
義	6
逆	6
久	6
旧	6
居	6
許	6
境	6
興	6
均	6
禁	6
句	6
群	6
経	6
潔	6
件	6
券	6
検	6
険	6
減	6
現	6
限	6
個	6
故	6
護	6
効	6
厚	6
構	6
耕	6
講	6
鉱	6
混	6
査	6
再	6
妻	6
採	6
災	6
際	6
在	6
罪	6
財	6
桜	6
雑	6
賛	6
酸	6
師	6
志	6
支	6
枝	6
資	6
飼	6
似	6
示	6
識	6
質	6
舎	6
謝	6
授	6
修	6
術	6
述	6
準	6
序	6
承	6
招	6
証	6
常	6
情	6
条	6
状	6
織	6
職	6
制	6
勢	6
性	6
政	6
精	6
製	6
税	6
績	6
責	6
接	6
設	6
絶	6
舌	6
銭	6
祖	6
素	6
総	6
像	6
増	6
造	6
則	6
測	6
属	6
損	6
態	6
貸	6
退	6
団	6
断	6
築	6
張	6
提	6
程	6
敵	6
適	6
統	6
導	6
銅	6
徳	6
独	6
任	6
燃	6
能	6
破	6
判	6
版	6
犯	6
比	6
肥	6
非	6
備	6
俵	6
評	6
貧	6
婦	6
富	6
布	6
武	6
復	6
複	6
仏	6
編	6
弁	6
保	6
墓	6
報	6
豊	6
暴	6
貿	6
防	6
務	6
夢	6
迷	6
綿	6
輸	6
余	6
預	6
容	6
率	6
略	6
留	6
領	6
異	5
遺	5
域	5
宇	5
映	5
延	5
沿	5
我	5
灰	5
拡	5
閣	5
革	5
割	5
株	5
巻	5
干	5
看	5
簡	5
危	5
揮	5
机	5
貴	5
疑	5
吸	5
供	5
胸	5
郷	5
勤	5
筋	5
敬	5
系	5
警	5
劇	5
激	5
穴	5
憲	5
権	5
絹	5
厳	5
源	5
呼	5
己	5
誤	5
后	5
孝	5
皇	5
紅	5
鋼	5
降	5
刻	5
穀	5
骨	5
困	5
砂	5
座	5
済	5
裁	5
策	5
冊	5
蚕	5
姿	5
私	5
至	5
視	5
詞	5
誌	5
磁	5
射	5
捨	5
尺	5
若	5
樹	5
収	5
宗	5
就	5
衆	5
従	5
縦	5
縮	5
熟	5
純	5
処	5
署	5
諸	5
除	5
傷	5
将	5
障	5
城	5
蒸	5
針	5
仁	5
垂	5
推	5
寸	5
盛	5
聖	5
誠	5
宣	5
専	5
泉	5
洗	5
染	5
善	5
創	5
奏	5
層	5
操	5
窓	5
装	5
臓	5
蔵	5
存	5
尊	5
宅	5
担	5
探	5
誕	5
暖	5
段	5
値	5
宙	5
忠	5
著	5
庁	5
潮	5
頂	5
賃	5
痛	5
展	5
党	5
糖	5
討	5
届	5
難	5
乳	5
認	5
納	5
脳	5
派	5
俳	5
拝	5
背	5
肺	5
班	5
晩	5
否	5
批	5
秘	5
腹	5
奮	5
並	5
閉	5
陛	5
片	5
補	5
暮	5
宝	5
訪	5
亡	5
忘	5
棒	5
枚	5
幕	5
密	5
盟	5
模	5
訳	5
優	5
郵	5
幼	5
欲	5
翌	5
乱	5
卵	5
覧	5
裏	5
律	5
臨	5
朗	5
論	5
握	4
扱	4
依	4
偉	4
威	4
為	4
維	4
緯	4
違	4
井	4
壱	4
稲	4
芋	4
陰	4
隠	4
影	4
鋭	4
越	4
援	4
煙	4
縁	4
鉛	4
汚	4
奥	4
押	4
沖	4
憶	4
暇	4
箇	4
菓	4
雅	4
介	4
壊	4
戒	4
皆	4
獲	4
較	4
刈	4
乾	4
勧	4
歓	4
汗	4
環	4
甘	4
監	4
鑑	4
含	4
奇	4
幾	4
祈	4
輝	4
鬼	4
儀	4
戯	4
詰	4
却	4
脚	4
丘	4
及	4
朽	4
巨	4
拠	4
距	4
凶	4
叫	4
恐	4
況	4
狂	4
狭	4
響	4
驚	4
仰	4
駆	4
屈	4
掘	4
繰	4
傾	4
恵	4
継	4
迎	4
撃	4
兼	4
剣	4
圏	4
堅	4
肩	4
軒	4
遣	4
玄	4
枯	4
誇	4
鼓	4
互	4
御	4
恒	4
抗	4
攻	4
更	4
稿	4
荒	4
項	4
香	4
豪	4
腰	4
込	4
婚	4
鎖	4
彩	4
歳	4
載	4
剤	4
咲	4
惨	4
伺	4
刺	4
旨	4
紫	4
脂	4
雌	4
執	4
芝	4
斜	4
煮	4
釈	4
寂	4
朱	4
狩	4
趣	4
需	4
秀	4
舟	4
襲	4
柔	4
獣	4
瞬	4
旬	4
盾	4
巡	4
召	4
床	4
沼	4
称	4
紹	4
詳	4
丈	4
畳	4
飾	4
殖	4
触	4
侵	4
寝	4
慎	4
振	4
浸	4
薪	4
震	4
尋	4
尽	4
陣	4
吹	4
澄	4
是	4
姓	4
征	4
跡	4
占	4
扇	4
鮮	4
訴	4
僧	4
燥	4
騒	4
贈	4
即	4
俗	4
耐	4
替	4
拓	4
沢	4
濁	4
脱	4
丹	4
嘆	4
淡	4
端	4
弾	4
恥	4
致	4
遅	4
蓄	4
徴	4
跳	4
沈	4
珍	4
堤	4
抵	4
摘	4
滴	4
添	4
殿	4
吐	4
渡	4
途	4
奴	4
怒	4
倒	4
唐	4
塔	4
桃	4
盗	4
到	4
踏	4
逃	4
透	4
闘	4
胴	4
峠	4
突	4
曇	4
鈍	4
弐	4
悩	4
濃	4
杯	4
輩	4
拍	4
泊	4
薄	4
迫	4
爆	4
髪	4
罰	4
抜	4
搬	4
繁	4
般	4
販	4
範	4
盤	4
彼	4
疲	4
被	4
避	4
尾	4
微	4
匹	4
描	4
浜	4
敏	4
怖	4
敷	4
普	4
浮	4
腐	4
膚	4
賦	4
舞	4
幅	4
払	4
噴	4
柄	4
壁	4
舗	4
捕	4
峰	4
抱	4
砲	4
傍	4
坊	4
帽	4
忙	4
冒	4
肪	4
凡	4
盆	4
慢	4
漫	4
妙	4
眠	4
矛	4
霧	4
娘	4
茂	4
猛	4
網	4
黙	4
紋	4
躍	4
雄	4
与	4
誉	4
溶	4
謡	4
踊	4
翼	4
頼	4
雷	4
絡	4
欄	4
離	4
粒	4
慮	4
療	4
隣	4
涙	4
隷	4
麗	4
齢	4
暦	4
劣	4
烈	4
恋	4
露	4
郎	4
惑	4
腕	4
哀	3
慰	3
詠	3
悦	3
閲	3
宴	3
炎	3
欧	3
殴	3
乙	3
卸	3
穏	3
佳	3
嫁	3
架	3
華	3
餓	3
塊	3
怪	3
悔	3
慨	3
概	3
該	3
穫	3
郭	3
隔	3
岳	3
掛	3
滑	3
冠	3
勘	3
喚	3
換	3
敢	3
緩	3
肝	3
貫	3
企	3
岐	3
忌	3
既	3
棋	3
棄	3
軌	3
騎	3
欺	3
犠	3
菊	3
吉	3
喫	3
虐	3
虚	3
峡	3
脅	3
凝	3
斤	3
緊	3
愚	3
偶	3
遇	3
桑	3
刑	3
啓	3
契	3
憩	3
掲	3
携	3
鶏	3
鯨	3
倹	3
賢	3
幻	3
孤	3
弧	3
雇	3
顧	3
娯	3
悟	3
坑	3
孔	3
巧	3
慌	3
拘	3
控	3
甲	3
硬	3
絞	3
綱	3
郊	3
酵	3
克	3
獄	3
墾	3
恨	3
紺	3
魂	3
債	3
催	3
削	3
搾	3
錯	3
撮	3
擦	3
暫	3
施	3
祉	3
諮	3
侍	3
慈	3
軸	3
湿	3
疾	3
赦	3
邪	3
殊	3
寿	3
潤	3
遵	3
徐	3
匠	3
掌	3
昇	3
晶	3
焦	3
衝	3
鐘	3
冗	3
嬢	3
譲	3
錠	3
嘱	3
辱	3
伸	3
審	3
辛	3
炊	3
粋	3
衰	3
遂	3
酔	3
随	3
髄	3
瀬	3
牲	3
請	3
隻	3
惜	3
斥	3
籍	3
摂	3
潜	3
繕	3
措	3
礎	3
粗	3
阻	3
双	3
掃	3
葬	3
遭	3
憎	3
促	3
賊	3
怠	3
滞	3
胎	3
袋	3
逮	3
滝	3
卓	3
択	3
託	3
諾	3
奪	3
胆	3
鍛	3
壇	3
稚	3
畜	3
窒	3
抽	3
鋳	3
駐	3
彫	3
聴	3
脹	3
超	3
鎮	3
陳	3
墜	3
帝	3
締	3
訂	3
哲	3
塗	3
斗	3
凍	3
痘	3
陶	3
匿	3
篤	3
豚	3
如	3
尿	3
粘	3
婆	3
排	3
陪	3
縛	3
伐	3
伴	3
帆	3
畔	3
藩	3
蛮	3
卑	3
泌	3
碑	3
姫	3
漂	3
苗	3
符	3
赴	3
封	3
伏	3
覆	3
墳	3
紛	3
癖	3
穂	3
募	3
慕	3
簿	3
倣	3
奉	3
崩	3
縫	3
胞	3
芳	3
邦	3
飽	3
乏	3
妨	3
房	3
某	3
膨	3
謀	3
墨	3
没	3
翻	3
魔	3
埋	3
膜	3
又	3
魅	3
婿	3
滅	3
免	3
幽	3
憂	3
誘	3
揚	3
揺	3
擁	3
抑	3
裸	3
濫	3
吏	3
隆	3
了	3
猟	3
糧	3
陵	3
厘	3
励	3
零	3
霊	3
裂	3
廉	3
錬	3
炉	3
廊	3
楼	3
浪	3
漏	3
湾	3
亜	2,5
尉	2,5
逸	2,5
姻	2,5
韻	2,5
渦	2,5
浦	2,5
疫	2,5
謁	2,5
猿	2,5
凹	2,5
翁	2,5
寡	2,5
禍	2,5
稼	2,5
蚊	2,5
懐	2,5
拐	2,5
劾	2,5
涯	2,5
垣	2,5
嚇	2,5
核	2,5
殻	2,5
潟	2,5
喝	2,5
括	2,5
渇	2,5
褐	2,5
轄	2,5
且	2,5
堪	2,5
寛	2,5
患	2,5
憾	2,5
棺	2,5
款	2,5
缶	2,5
艦	2,5
還	2,5
閑	2,5
陥	2,5
頑	2,5
飢	2,5
偽	2,5
宜	2,5
擬	2,5
窮	2,5
糾	2,5
拒	2,5
享	2,5
恭	2,5
挟	2,5
矯	2,5
暁	2,5
琴	2,5
菌	2,5
襟	2,5
謹	2,5
吟	2,5
虞	2,5
隅	2,5
靴	2,5
勲	2,5
薫	2,5
慶	2,5
渓	2,5
茎	2,5
蛍	2,5
傑	2,5
嫌	2,5
懸	2,5
献	2,5
謙	2,5
顕	2,5
弦	2,5
呉	2,5
碁	2,5
侯	2,5
江	2,5
洪	2,5
溝	2,5
肯	2,5
衡	2,5
貢	2,5
購	2,5
剛	2,5
拷	2,5
酷	2,5
懇	2,5
昆	2,5
佐	2,5
唆	2,5
詐	2,5
宰	2,5
栽	2,5
砕	2,5
斎	2,5
崎	2,5
索	2,5
傘	2,5
桟	2,5
嗣	2,5
肢	2,5
賜	2,5
滋	2,5
璽	2,5
漆	2,5
遮	2,5
蛇	2,5
勺	2,5
爵	2,5
酌	2,5
珠	2,5
儒	2,5
囚	2,5
愁	2,5
臭	2,5
酬	2,5
醜	2,5
充	2,5
汁	2,5
渋	2,5
銃	2,5
叔	2,5
淑	2,5
粛	2,5
塾	2,5
俊	2,5
准	2,5
循	2,5
殉	2,5
庶	2,5
緒	2,5
叙	2,5
償	2,5
升	2,5
奨	2,5
宵	2,5
尚	2,5
彰	2,5
抄	2,5
渉	2,5
症	2,5
硝	2,5
礁	2,5
祥	2,5
粧	2,5
肖	2,5
訟	2,5
詔	2,5
剰	2,5
壌	2,5
浄	2,5
醸	2,5
唇	2,5
娠	2,5
紳	2,5
診	2,5
刃	2,5
甚	2,5
迅	2,5
酢	2,5
帥	2,5
睡	2,5
錘	2,5
崇	2,5
枢	2,5
据	2,5
杉	2,5
畝	2,5
誓	2,5
逝	2,5
斉	2,5
析	2,5
拙	2,5
窃	2,5
仙	2,5
栓	2,5
旋	2,5
繊	2,5
薦	2,5
践	2,5
遷	2,5
銑	2,5
漸	2,5
禅	2,5
塑	2,5
疎	2,5
租	2,5
喪	2,5
壮	2,5
捜	2,5
挿	2,5
曹	2,5
槽	2,5
荘	2,5
藻	2,5
霜	2,5
堕	2,5
妥	2,5
惰	2,5
駄	2,5
泰	2,5
濯	2,5
但	2,5
棚	2,5
痴	2,5
逐	2,5
秩	2,5
嫡	2,5
衷	2,5
弔	2,5
懲	2,5
挑	2,5
眺	2,5
勅	2,5
朕	2,5
津	2,5
塚	2,5
漬	2,5
坪	2,5
釣	2,5
亭	2,5
偵	2,5
貞	2,5
呈	2,5
廷	2,5
艇	2,5
逓	2,5
邸	2,5
泥	2,5
徹	2,5
撤	2,5
迭	2,5
悼	2,5
搭	2,5
棟	2,5
筒	2,5
謄	2,5
騰	2,5
洞	2,5
督	2,5
凸	2,5
屯	2,5
縄	2,5
軟	2,5
尼	2,5
妊	2,5
忍	2,5
寧	2,5
猫	2,5
把	2,5
覇	2,5
廃	2,5
培	2,5
媒	2,5
賠	2,5
伯	2,5
舶	2,5
漠	2,5
肌	2,5
鉢	2,5
閥	2,5
煩	2,5
頒	2,5
妃	2,5
扉	2,5
披	2,5
罷	2,5
賓	2,5
頻	2,5
瓶	2,5
扶	2,5
譜	2,5
附	2,5
侮	2,5
沸	2,5
憤	2,5
雰	2,5
丙	2,5
併	2,5
塀	2,5
幣	2,5
弊	2,5
偏	2,5
遍	2,5
俸	2,5
泡	2,5
褒	2,5
剖	2,5
紡	2,5
僕	2,5
撲	2,5
朴	2,5
堀	2,5
奔	2,5
摩	2,5
磨	2,5
麻	2,5
抹	2,5
繭	2,5
岬	2,5
銘	2,5
妄	2,5
盲	2,5
耗	2,5
戻	2,5
匁	2,5
厄	2,5
柳	2,5
愉	2,5
癒	2,5
諭	2,5
唯	2,5
悠	2,5
猶	2,5
裕	2,5
融	2,5
庸	2,5
窯	2,5
羅	2,5
酪	2,5
履	2,5
痢	2,5
硫	2,5
竜	2,5
虜	2,5
僚	2,5
寮	2,5
涼	2,5
倫	2,5
塁	2,5
累	2,5
鈴	2,5
賄	2,5
枠	2,5
阿	2
葵	2
茜	2
渥	2
旭	2
梓	2
絢	2
綾	2
鮎	2
杏	2
伊	2
惟	2
亥	2
郁	2
磯	2
允	2
胤	2
卯	2
丑	2
唄	2
叡	2
瑛	2
艶	2
苑	2
於	2
旺	2
伽	2
嘉	2
茄	2
霞	2
魁	2
凱	2
馨	2
叶	2
樺	2
鎌	2
茅	2
侃	2
莞	2
巌	2
伎	2
嬉	2
毅	2
稀	2
亀	2
誼	2
鞠	2
橘	2
亨	2
匡	2
喬	2
尭	2
桐	2
錦	2
欣	2
欽	2
芹	2
衿	2
玖	2
矩	2
駒	2
熊	2
栗	2
袈	2
圭	2
慧	2
桂	2
拳	2
絃	2
胡	2
虎	2
伍	2
吾	2
梧	2
瑚	2
鯉	2
倖	2
宏	2
弘	2
昂	2
晃	2
浩	2
紘	2
鴻	2
嵯	2
沙	2
瑳	2
裟	2
哉	2
采	2
冴	2
朔	2
笹	2
皐	2
燦	2
爾	2
蒔	2
汐	2
鹿	2
偲	2
紗	2
洲	2
峻	2
竣	2
舜	2
駿	2
淳	2
醇	2
曙	2
渚	2
恕	2
庄	2
捷	2
昌	2
梢	2
菖	2
蕉	2
丞	2
穣	2
晋	2
榛	2
秦	2
須	2
翠	2
瑞	2
嵩	2
雛	2
碩	2
爽	2
惣	2
綜	2
聡	2
蒼	2
汰	2
黛	2
鯛	2
鷹	2
啄	2
琢	2
只	2
辰	2
巽	2
旦	2
檀	2
智	2
猪	2
暢	2
蝶	2
椎	2
槻	2
蔦	2
椿	2
紬	2
鶴	2
悌	2
汀	2
禎	2
杜	2
藤	2
憧	2
瞳	2
寅	2
酉	2
惇	2
敦	2
奈	2
那	2
凪	2
捺	2
楠	2
虹	2
乃	2
之	2
巴	2
萩	2
肇	2
鳩	2
隼	2
斐	2
緋	2
眉	2
柊	2
彦	2
媛	2
彪	2
彬	2
芙	2
楓	2
蕗	2
碧	2
甫	2
輔	2
朋	2
萌	2
鳳	2
鵬	2
睦	2
槙	2
柾	2
亦	2
麿	2
巳	2
稔	2
椋	2
孟	2
也	2
冶	2
耶	2
弥	2
靖	2
佑	2
宥	2
柚	2
湧	2
祐	2
邑	2
楊	2
耀	2
蓉	2
遥	2
嵐	2
藍	2
蘭	2
李	2
梨	2
璃	2
琉	2
亮	2
凌	2
瞭	2
稜	2
諒	2
遼	2
琳	2
麟	2
瑠	2
伶	2
嶺	2
怜	2
玲	2
蓮	2
呂	2
禄	2
倭	2
亘	2
侑	2
勁	2
奎	2
崚	2
彗	2
昴	2
晏	2
晨	2
晟	2
暉	2
栞	2
椰	2
毬	2
洸	2
洵	2
滉	2
漱	2
澪	2
燎	2
燿	2
瑶	2
皓	2
眸	2
笙	2
綺	2
綸	2
翔	2
脩	2
茉	2
莉	2
菫	2
詢	2
諄	2
赳	2
迪	2
頌	2
颯	2
黎	2
凜	2
熙	2
唖	1,5
娃	1,5
挨	1,5
姶	1,5
逢	1,5
葦	1,5
鯵	1,5
斡	1,5
宛	1,5
姐	1,5
虻	1,5
飴	1,5
或	1,5
粟	1,5
袷	1,5
庵	1,5
按	1,5
闇	1,5
鞍	1,5
夷	1,5
椅	1,5
畏	1,5
萎	1,5
謂	1,5
溢	1,5
茨	1,5
鰯	1,5
咽	1,5
淫	1,5
蔭	1,5
吋	1,5
烏	1,5
迂	1,5
鵜	1,5
窺	1,5
碓	1,5
臼	1,5
嘘	1,5
蔚	1,5
鰻	1,5
姥	1,5
厩	1,5
瓜	1,5
閏	1,5
噂	1,5
云	1,5
荏	1,5
餌	1,5
嬰	1,5
曳	1,5
洩	1,5
盈	1,5
穎	1,5
榎	1,5
厭	1,5
堰	1,5
奄	1,5
怨	1,5
掩	1,5
焔	1,5
燕	1,5
薗	1,5
鴛	1,5
甥	1,5
襖	1,5
鴬	1,5
鴎	1,5
岡	1,5
荻	1,5
臆	1,5
桶	1,5
牡	1,5
俺	1,5
珂	1,5
禾	1,5
苛	1,5
蝦	1,5
嘩	1,5
迦	1,5
俄	1,5
峨	1,5
牙	1,5
臥	1,5
蛾	1,5
駕	1,5
廻	1,5
恢	1,5
晦	1,5
芥	1,5
蟹	1,5
咳	1,5
崖	1,5
碍	1,5
蓋	1,5
鎧	1,5
骸	1,5
浬	1,5
蛙	1,5
柿	1,5
蛎	1,5
劃	1,5
廓	1,5
撹	1,5
赫	1,5
顎	1,5
笠	1,5
樫	1,5
橿	1,5
梶	1,5
鰍	1,5
恰	1,5
葛	1,5
鰹	1,5
椛	1,5
鞄	1,5
兜	1,5
竃	1,5
蒲	1,5
釜	1,5
噛	1,5
鴨	1,5
萱	1,5
粥	1,5
苅	1,5
瓦	1,5
姦	1,5
柑	1,5
桓	1,5
澗	1,5
潅	1,5
竿	1,5
翰	1,5
諌	1,5
韓	1,5
舘	1,5
玩	1,5
癌	1,5
翫	1,5
贋	1,5
雁	1,5
畿	1,5
徽	1,5
妓	1,5
祇	1,5
蟻	1,5
掬	1,5
吃	1,5
桔	1,5
砧	1,5
杵	1,5
黍	1,5
仇	1,5
汲	1,5
灸	1,5
笈	1,5
渠	1,5
鋸	1,5
禦	1,5
侠	1,5
僑	1,5
兇	1,5
卿	1,5
彊	1,5
怯	1,5
蕎	1,5
饗	1,5
粁	1,5
僅	1,5
巾	1,5
禽	1,5
倶	1,5
狗	1,5
躯	1,5
駈	1,5
喰	1,5
寓	1,5
串	1,5
櫛	1,5
釧	1,5
屑	1,5
窟	1,5
沓	1,5
轡	1,5
窪	1,5
隈	1,5
粂	1,5
鍬	1,5
卦	1,5
祁	1,5
珪	1,5
畦	1,5
稽	1,5
繋	1,5
罫	1,5
荊	1,5
詣	1,5
頚	1,5
戟	1,5
隙	1,5
桁	1,5
訣	1,5
倦	1,5
喧	1,5
捲	1,5
牽	1,5
硯	1,5
鍵	1,5
鹸	1,5
舷	1,5
諺	1,5
乎	1,5
姑	1,5
狐	1,5
糊	1,5
袴	1,5
股	1,5
菰	1,5
跨	1,5
鈷	1,5
檎	1,5
醐	1,5
乞	1,5
佼	1,5
勾	1,5
喉	1,5
垢	1,5
巷	1,5
庚	1,5
杭	1,5
梗	1,5
糠	1,5
肱	1,5
腔	1,5
膏	1,5
閤	1,5
劫	1,5
壕	1,5
濠	1,5
轟	1,5
麹	1,5
鵠	1,5
漉	1,5
甑	1,5
忽	1,5
惚	1,5
狛	1,5
此	1,5
頃	1,5
坤	1,5
昏	1,5
梱	1,5
痕	1,5
艮	1,5
些	1,5
叉	1,5
坐	1,5
挫	1,5
塞	1,5
犀	1,5
砦	1,5
阪	1,5
堺	1,5
榊	1,5
肴	1,5
埼	1,5
鷺	1,5
柵	1,5
窄	1,5
鮭	1,5
匙	1,5
拶	1,5
薩	1,5
鯖	1,5
捌	1,5
錆	1,5
鮫	1,5
晒	1,5
撒	1,5
珊	1,5
纂	1,5
讃	1,5
餐	1,5
斬	1,5
仔	1,5
屍	1,5
孜	1,5
斯	1,5
獅	1,5
痔	1,5
而	1,5
鴫	1,5
竺	1,5
宍	1,5
雫	1,5
叱	1,5
嫉	1,5
悉	1,5
蔀	1,5
篠	1,5
柴	1,5
屡	1,5
蕊	1,5
縞	1,5
杓	1,5
灼	1,5
錫	1,5
惹	1,5
腫	1,5
呪	1,5
綬	1,5
繍	1,5
蒐	1,5
蹴	1,5
輯	1,5
酋	1,5
什	1,5
戎	1,5
夙	1,5
楯	1,5
薯	1,5
藷	1,5
鋤	1,5
哨	1,5
嘗	1,5
妾	1,5
娼	1,5
廠	1,5
樟	1,5
樵	1,5
湘	1,5
蒋	1,5
裳	1,5
醤	1,5
鉦	1,5
鍾	1,5
鞘	1,5
擾	1,5
杖	1,5
埴	1,5
拭	1,5
燭	1,5
蝕	1,5
尻	1,5
疹	1,5
芯	1,5
塵	1,5
壬	1,5
腎	1,5
訊	1,5
靭	1,5
笥	1,5
諏	1,5
厨	1,5
逗	1,5
錐	1,5
趨	1,5
椙	1,5
菅	1,5
頗	1,5
雀	1,5
裾	1,5
摺	1,5
凄	1,5
棲	1,5
栖	1,5
醒	1,5
脆	1,5
戚	1,5
脊	1,5
蹟	1,5
蝉	1,5
尖	1,5
撰	1,5
栴	1,5
煎	1,5
煽	1,5
穿	1,5
箭	1,5
羨	1,5
腺	1,5
舛	1,5
詮	1,5
賎	1,5
閃	1,5
膳	1,5
糎	1,5
噌	1,5
岨	1,5
曾	1,5
曽	1,5
楚	1,5
狙	1,5
疏	1,5
蘇	1,5
遡	1,5
鼠	1,5
叢	1,5
宋	1,5
匝	1,5
掻	1,5
槍	1,5
漕	1,5
痩	1,5
糟	1,5
鎗	1,5
捉	1,5
袖	1,5
其	1,5
揃	1,5
遜	1,5
詑	1,5
唾	1,5
柁	1,5
舵	1,5
楕	1,5
陀	1,5
騨	1,5
堆	1,5
岱	1,5
戴	1,5
腿	1,5
苔	1,5
醍	1,5
托	1,5
鐸	1,5
茸	1,5
凧	1,5
蛸	1,5
叩	1,5
竪	1,5
辿	1,5
狸	1,5
鱈	1,5
樽	1,5
誰	1,5
坦	1,5
歎	1,5
湛	1,5
箪	1,5
綻	1,5
耽	1,5
蛋	1,5
弛	1,5
蜘	1,5
馳	1,5
筑	1,5
註	1,5
酎	1,5
樗	1,5
瀦	1,5
苧	1,5
凋	1,5
喋	1,5
寵	1,5
帖	1,5
牒	1,5
諜	1,5
銚	1,5
捗	1,5
槌	1,5
鎚	1,5
栂	1,5
掴	1,5
佃	1,5
柘	1,5
辻	1,5
綴	1,5
鍔	1,5
潰	1,5
壷	1,5
嬬	1,5
爪	1,5
吊	1,5
剃	1,5
挺	1,5
梯	1,5
碇	1,5
諦	1,5
蹄	1,5
鄭	1,5
釘	1,5
鼎	1,5
擢	1,5
鏑	1,5
溺	1,5
轍	1,5
填	1,5
纏	1,5
甜	1,5
貼	1,5
顛	1,5
澱	1,5
兎	1,5
堵	1,5
妬	1,5
菟	1,5
賭	1,5
鍍	1,5
砥	1,5
砺	1,5
塘	1,5
套	1,5
宕	1,5
嶋	1,5
淘	1,5
祷	1,5
董	1,5
蕩	1,5
鐙	1,5
撞	1,5
萄	1,5
鴇	1,5
涜	1,5
禿	1,5
栃	1,5
橡	1,5
椴	1,5
鳶	1,5
苫	1,5
瀞	1,5
噸	1,5
沌	1,5
遁	1,5
頓	1,5
呑	1,5
乍	1,5
薙	1,5
謎	1,5
灘	1,5
鍋	1,5
楢	1,5
馴	1,5
畷	1,5
汝	1,5
匂	1,5
賑	1,5
廿	1,5
韮	1,5
濡	1,5
祢	1,5
葱	1,5
捻	1,5
撚	1,5
埜	1,5
嚢	1,5
膿	1,5
覗	1,5
蚤	1,5
播	1,5
杷	1,5
琶	1,5
罵	1,5
芭	1,5
盃	1,5
牌	1,5
楳	1,5
煤	1,5
狽	1,5
這	1,5
蝿	1,5
秤	1,5
矧	1,5
剥	1,5
柏	1,5
箔	1,5
粕	1,5
曝	1,5
莫	1,5
駁	1,5
函	1,5
硲	1,5
箸	1,5
筈	1,5
幡	1,5
畠	1,5
溌	1,5
醗	1,5
筏	1,5
噺	1,5
塙	1,5
蛤	1,5
叛	1,5
斑	1,5
氾	1,5
汎	1,5
挽	1,5
磐	1,5
蕃	1,5
匪	1,5
庇	1,5
誹	1,5
樋	1,5
簸	1,5
枇	1,5
毘	1,5
琵	1,5
稗	1,5
疋	1,5
髭	1,5
膝	1,5
菱	1,5
肘	1,5
弼	1,5
畢	1,5
逼	1,5
紐	1,5
謬	1,5
瓢	1,5
豹	1,5
廟	1,5
錨	1,5
鋲	1,5
蒜	1,5
蛭	1,5
鰭	1,5
斌	1,5
瀕	1,5
埠	1,5
斧	1,5
阜	1,5
撫	1,5
葡	1,5
蕪	1,5
葺	1,5
淵	1,5
弗	1,5
鮒	1,5
吻	1,5
扮	1,5
焚	1,5
糞	1,5
蔽	1,5
頁	1,5
僻	1,5
瞥	1,5
蔑	1,5
箆	1,5
篇	1,5
娩	1,5
鞭	1,5
鋪	1,5
圃	1,5
戊	1,5
菩	1,5
呆	1,5
峯	1,5
庖	1,5
捧	1,5
烹	1,5
蓬	1,5
蜂	1,5
鋒	1,5
貌	1,5
鉾	1,5
吠	1,5
頬	1,5
卜	1,5
穆	1,5
釦	1,5
勃	1,5
殆	1,5
幌	1,5
昧	1,5
哩	1,5
枕	1,5
鮪	1,5
鱒	1,5
俣	1,5
沫	1,5
迄	1,5
蔓	1,5
箕	1,5
蜜	1,5
湊	1,5
蓑	1,5
粍	1,5
牟	1,5
鵡	1,5
冥	1,5
姪	1,5
牝	1,5
棉	1,5
緬	1,5
麺	1,5
摸	1,5
蒙	1,5
儲	1,5
杢	1,5
勿	1,5
餅	1,5
尤	1,5
籾	1,5
貰	1,5
悶	1,5
爺	1,5
薮	1,5
鑓	1,5
愈	1,5
揖	1,5
涌	1,5
猷	1,5
輿	1,5
傭	1,5
妖	1,5
熔	1,5
慾	1,5
沃	1,5
淀	1,5
螺	1,5
莱	1,5
洛	1,5
裡	1,5
葎	1,5
掠	1,5
劉	1,5
溜	1,5
侶	1,5
梁	1,5
淋	1,5
燐	1,5
鱗	1,5
苓	1,5
憐	1,5
漣	1,5
煉	1,5
簾	1,5
聯	1,5
魯	1,5
櫓	1,5
賂	1,5
婁	1,5
弄	1,5
牢	1,5
狼	1,5
聾	1,5
蝋	1,5
麓	1,5
肋	1,5
歪	1,5
脇	1,5
鷲	1,5
亙	1,5
鰐	1,5
詫	1,5
藁	1,5
蕨	1,5
椀	1,5
碗	1,5
儘	1,5
凰	1,5
檜	1,5
檮	1,5
鬱	1,5
濤	1,5
漑	1,5
礦	1,5
龝	1,5
籠	1,5
苒	1,5
蛛	1,5
迺	1,5
鉤	1,5
韃	1,5
鴦	1,5
鸚	1,5
麒	1,5
穐	1
芦	1
欝	1
頴	1
鈎	1
栢	1
砿	1
碕	1
咋	1
讐	1
瀧	1
屠	1
梼	1
涛	1
燈	1
迩	1
禰	1
廼	1
櫨	1
釆	1
桧	1
冨	1
桝	1
侭	1
龍	1
榔	1
篭	1
弌	1
丐	1
丕	1
个	1
丱	1
丶	1
丼	1
丿	1
乂	1
乖	1
乘	1
亂	1
亅	1
豫	1
亊	1
舒	1
弍	1
于	1
亞	1
亟	1
亠	1
亢	1
亰	1
亳	1
亶	1
从	1
仍	1
仄	1
仆	1
仂	1
仗	1
仞	1
仭	1
仟	1
价	1
伉	1
佚	1
估	1
佛	1
佝	1
佗	1
佇	1
佶	1
侈	1
侏	1
侘	1
佻	1
佩	1
佰	1
佯	1
來	1
侖	1
俔	1
俟	1
俎	1
俘	1
俛	1
俑	1
俚	1
俐	1
俤	1
俥	1
倚	1
倨	1
倔	1
倪	1
倥	1
倅	1
伜	1
俶	1
倡	1
倩	1
倬	1
俾	1
俯	1
們	1
倆	1
偃	1
假	1
會	1
偕	1
偐	1
偈	1
做	1
偖	1
偬	1
偸	1
傀	1
傚	1
傅	1
傴	1
傲	1
僉	1
僊	1
傳	1
僂	1
僖	1
僞	1
僥	1
僭	1
僣	1
僮	1
價	1
僵	1
儉	1
儁	1
儂	1
儖	1
儕	1
儔	1
儚	1
儡	1
儺	1
儷	1
儼	1
儻	1
儿	1
兀	1
兒	1
兌	1
兔	1
兢	1
竸	1
兩	1
兪	1
兮	1
冀	1
冂	1
囘	1
册	1
冉	1
冏	1
冑	1
冓	1
冕	1
冖	1
冤	1
冦	1
冢	1
冩	1
冪	1
冫	1
决	1
冱	1
冲	1
冰	1
况	1
冽	1
凅	1
凉	1
凛	1
几	1
處	1
凩	1
凭	1
凵	1
凾	1
刄	1
刋	1
刔	1
刎	1
刧	1
刪	1
刮	1
刳	1
刹	1
剏	1
剄	1
剋	1
剌	1
剞	1
剔	1
剪	1
剴	1
剩	1
剳	1
剿	1
剽	1
劍	1
劔	1
劒	1
剱	1
劈	1
劑	1
辨	1
辧	1
劬	1
劭	1
劼	1
劵	1
勍	1
勗	1
勞	1
勣	1
勦	1
飭	1
勠	1
勳	1
勵	1
勸	1
勹	1
匆	1
匈	1
甸	1
匍	1
匐	1
匏	1
匕	1
匚	1
匣	1
匯	1
匱	1
匳	1
匸	1
區	1
卆	1
卅	1
丗	1
卉	1
卍	1
凖	1
卞	1
卩	1
卮	1
夘	1
卻	1
卷	1
厂	1
厖	1
厠	1
厦	1
厥	1
厮	1
厰	1
厶	1
參	1
簒	1
雙	1
叟	1
曼	1
燮	1
叮	1
叨	1
叭	1
叺	1
吁	1
吽	1
呀	1
听	1
吭	1
吼	1
吮	1
吶	1
吩	1
吝	1
呎	1
咏	1
呵	1
咎	1
呟	1
呱	1
呷	1
呰	1
咒	1
呻	1
咀	1
呶	1
咄	1
咐	1
咆	1
哇	1
咢	1
咸	1
咥	1
咬	1
哄	1
哈	1
咨	1
咫	1
哂	1
咤	1
咾	1
咼	1
哘	1
哥	1
哦	1
唏	1
唔	1
哽	1
哮	1
哭	1
哺	1
哢	1
唹	1
啀	1
啣	1
啌	1
售	1
啜	1
啅	1
啖	1
啗	1
唸	1
唳	1
啝	1
喙	1
喀	1
咯	1
喊	1
喟	1
啻	1
啾	1
喘	1
喞	1
單	1
啼	1
喃	1
喩	1
喇	1
喨	1
嗚	1
嗅	1
嗟	1
嗄	1
嗜	1
嗤	1
嗔	1
嘔	1
嗷	1
嘖	1
嗾	1
嗽	1
嘛	1
嗹	1
噎	1
噐	1
營	1
嘴	1
嘶	1
嘲	1
嘸	1
噫	1
噤	1
嘯	1
噬	1
噪	1
嚆	1
嚀	1
嚊	1
嚠	1
嚔	1
嚏	1
嚥	1
嚮	1
嚶	1
嚴	1
囂	1
嚼	1
囁	1
囃	1
囀	1
囈	1
囎	1
囑	1
囓	1
囗	1
囮	1
囹	1
圀	1
囿	1
圄	1
圉	1
圈	1
國	1
圍	1
圓	1
團	1
圖	1
嗇	1
圜	1
圦	1
圷	1
圸	1
坎	1
圻	1
址	1
坏	1
坩	1
埀	1
垈	1
坡	1
坿	1
垉	1
垓	1
垠	1
垳	1
垤	1
垪	1
垰	1
埃	1
埆	1
埔	1
埒	1
埓	1
堊	1
埖	1
埣	1
堋	1
堙	1
堝	1
塲	1
堡	1
塢	1
塋	1
塰	1
毀	1
塒	1
堽	1
塹	1
墅	1
墹	1
墟	1
墫	1
墺	1
壞	1
墻	1
墸	1
墮	1
壅	1
壓	1
壑	1
壗	1
壙	1
壘	1
壥	1
壜	1
壤	1
壟	1
壯	1
壺	1
壹	1
壻	1
壼	1
壽	1
夂	1
夊	1
夐	1
夛	1
梦	1
夥	1
夬	1
夭	1
夲	1
夸	1
夾	1
竒	1
奕	1
奐	1
奚	1
奘	1
奢	1
奠	1
奧	1
奬	1
奩	1
奸	1
妁	1
妝	1
佞	1
侫	1
妣	1
妲	1
姆	1
姨	1
姜	1
妍	1
姙	1
姚	1
娥	1
娟	1
娑	1
娜	1
娉	1
娚	1
婀	1
婬	1
婉	1
娵	1
娶	1
婢	1
婪	1
媚	1
媼	1
媾	1
嫋	1
嫂	1
媽	1
嫣	1
嫗	1
嫦	1
嫩	1
嫖	1
嫺	1
嫻	1
嬌	1
嬋	1
嬖	1
嬲	1
嫐	1
嬪	1
嬶	1
嬾	1
孃	1
孅	1
孀	1
孑	1
孕	1
孚	1
孛	1
孥	1
孩	1
孰	1
孳	1
孵	1
學	1
斈	1
孺	1
宀	1
它	1
宦	1
宸	1
寃	1
寇	1
寉	1
寔	1
寐	1
寤	1
實	1
寢	1
寞	1
寥	1
寫	1
寰	1
寶	1
寳	1
尅	1
將	1
專	1
對	1
尓	1
尠	1
尢	1
尨	1
尸	1
尹	1
屁	1
屆	1
屎	1
屓	1
屐	1
屏	1
孱	1
屬	1
屮	1
乢	1
屶	1
屹	1
岌	1
岑	1
岔	1
妛	1
岫	1
岻	1
岶	1
岼	1
岷	1
峅	1
岾	1
峇	1
峙	1
峩	1
峽	1
峺	1
峭	1
嶌	1
峪	1
崋	1
崕	1
崗	1
嵜	1
崟	1
崛	1
崑	1
崔	1
崢	1
崙	1
崘	1
嵌	1
嵒	1
嵎	1
嵋	1
嵬	1
嵳	1
嵶	1
嶇	1
嶄	1
嶂	1
嶢	1
嶝	1
嶬	1
嶮	1
嶽	1
嶐	1
嶷	1
嶼	1
巉	1
巍	1
巓	1
巒	1
巖	1
巛	1
巫	1
已	1
巵	1
帋	1
帚	1
帙	1
帑	1
帛	1
帶	1
帷	1
幄	1
幃	1
幀	1
幎	1
幗	1
幔	1
幟	1
幢	1
幤	1
幇	1
幵	1
并	1
幺	1
麼	1
广	1
庠	1
廁	1
廂	1
廈	1
廐	1
廏	1
廖	1
廣	1
廝	1
廚	1
廛	1
廢	1
廡	1
廨	1
廩	1
廬	1
廱	1
廳	1
廰	1
廴	1
廸	1
廾	1
弃	1
弉	1
彝	1
彜	1
弋	1
弑	1
弖	1
弩	1
弭	1
弸	1
彁	1
彈	1
彌	1
彎	1
弯	1
彑	1
彖	1
彙	1
彡	1
彭	1
彳	1
彷	1
徃	1
徂	1
彿	1
徊	1
很	1
徑	1
徇	1
從	1
徙	1
徘	1
徠	1
徨	1
徭	1
徼	1
忖	1
忻	1
忤	1
忸	1
忱	1
忝	1
悳	1
忿	1
怡	1
恠	1
怙	1
怐	1
怩	1
怎	1
怱	1
怛	1
怕	1
怫	1
怦	1
怏	1
怺	1
恚	1
恁	1
恪	1
恷	1
恟	1
恊	1
恆	1
恍	1
恣	1
恃	1
恤	1
恂	1
恬	1
恫	1
恙	1
悁	1
悍	1
惧	1
悃	1
悚	1
悄	1
悛	1
悖	1
悗	1
悒	1
悧	1
悋	1
惡	1
悸	1
惠	1
惓	1
悴	1
忰	1
悽	1
惆	1
悵	1
惘	1
慍	1
愕	1
愆	1
惶	1
惷	1
愀	1
惴	1
惺	1
愃	1
愡	1
惻	1
惱	1
愍	1
愎	1
慇	1
愾	1
愨	1
愧	1
慊	1
愿	1
愼	1
愬	1
愴	1
愽	1
慂	1
慄	1
慳	1
慷	1
慘	1
慙	1
慚	1
慫	1
慴	1
慯	1
慥	1
慱	1
慟	1
慝	1
慓	1
慵	1
憙	1
憖	1
憇	1
憬	1
憔	1
憚	1
憊	1
憑	1
憫	1
憮	1
懌	1
懊	1
應	1
懷	1
懈	1
懃	1
懆	1
憺	1
懋	1
罹	1
懍	1
懦	1
懣	1
懶	1
懺	1
懴	1
懿	1
懽	1
懼	1
懾	1
戀	1
戈	1
戉	1
戍	1
戌	1
戔	1
戛	1
戞	1
戡	1
截	1
戮	1
戰	1
戲	1
戳	1
扁	1
扎	1
扞	1
扣	1
扛	1
扠	1
扨	1
扼	1
抂	1
抉	1
找	1
抒	1
抓	1
抖	1
拔	1
抃	1
抔	1
拗	1
拑	1
抻	1
拏	1
拿	1
拆	1
擔	1
拈	1
拜	1
拌	1
拊	1
拂	1
拇	1
抛	1
拉	1
挌	1
拮	1
拱	1
挧	1
挂	1
挈	1
拯	1
拵	1
捐	1
挾	1
捍	1
搜	1
捏	1
掖	1
掎	1
掀	1
掫	1
捶	1
掣	1
掏	1
掉	1
掟	1
掵	1
捫	1
捩	1
掾	1
揩	1
揀	1
揆	1
揣	1
揉	1
插	1
揶	1
揄	1
搖	1
搴	1
搆	1
搓	1
搦	1
搶	1
攝	1
搗	1
搨	1
搏	1
摧	1
摯	1
摶	1
摎	1
攪	1
撕	1
撓	1
撥	1
撩	1
撈	1
撼	1
據	1
擒	1
擅	1
擇	1
撻	1
擘	1
擂	1
擱	1
擧	1
舉	1
擠	1
擡	1
抬	1
擣	1
擯	1
攬	1
擶	1
擴	1
擲	1
擺	1
攀	1
擽	1
攘	1
攜	1
攅	1
攤	1
攣	1
攫	1
攴	1
攵	1
攷	1
收	1
攸	1
畋	1
效	1
敖	1
敕	1
敍	1
敘	1
敞	1
敝	1
敲	1
數	1
斂	1
斃	1
變	1
斛	1
斟	1
斫	1
斷	1
旃	1
旆	1
旁	1
旄	1
旌	1
旒	1
旛	1
旙	1
无	1
旡	1
旱	1
杲	1
昊	1
昃	1
旻	1
杳	1
昵	1
昶	1
昜	1
晄	1
晉	1
晁	1
晞	1
晝	1
晤	1
晧	1
晢	1
晰	1
暃	1
暈	1
暎	1
暄	1
暘	1
暝	1
曁	1
暹	1
曉	1
暾	1
暼	1
曄	1
暸	1
曖	1
曚	1
曠	1
昿	1
曦	1
曩	1
曰	1
曵	1
曷	1
朏	1
朖	1
朞	1
朦	1
朧	1
霸	1
朮	1
朿	1
朶	1
杁	1
朸	1
朷	1
杆	1
杞	1
杠	1
杙	1
杣	1
杤	1
枉	1
杰	1
枩	1
杼	1
杪	1
枌	1
枋	1
枦	1
枡	1
枅	1
枷	1
柯	1
枴	1
柬	1
枳	1
柩	1
枸	1
柤	1
柞	1
柝	1
柢	1
柮	1
枹	1
柎	1
柆	1
柧	1
框	1
栩	1
桀	1
桍	1
栲	1
桎	1
梳	1
栫	1
桙	1
档	1
桷	1
桿	1
梟	1
梏	1
梭	1
梔	1
條	1
梛	1
梃	1
梹	1
桴	1
梵	1
梠	1
梺	1
椏	1
梍	1
桾	1
椁	1
棊	1
椈	1
棘	1
椢	1
椦	1
棡	1
椌	1
棍	1
棔	1
棧	1
棕	1
椶	1
椒	1
椄	1
棗	1
棣	1
椥	1
棹	1
棠	1
棯	1
椨	1
椪	1
椚	1
椣	1
椡	1
棆	1
楹	1
楷	1
楜	1
楸	1
楫	1
楔	1
楾	1
楮	1
椹	1
楴	1
椽	1
楙	1
楡	1
楞	1
楝	1
榁	1
楪	1
榲	1
榮	1
槐	1
榿	1
槁	1
槓	1
榾	1
槎	1
寨	1
槊	1
槝	1
榻	1
槃	1
榧	1
樮	1
榑	1
榠	1
榜	1
榕	1
榴	1
槞	1
槨	1
樂	1
樛	1
槿	1
權	1
槹	1
槲	1
槧	1
樅	1
榱	1
樞	1
槭	1
樔	1
槫	1
樊	1
樒	1
櫁	1
樣	1
樓	1
橄	1
樌	1
橲	1
樶	1
橸	1
橇	1
橢	1
橙	1
橦	1
橈	1
樸	1
樢	1
檐	1
檍	1
檠	1
檄	1
檢	1
檣	1
檗	1
蘗	1
檻	1
櫃	1
櫂	1
檸	1
檳	1
檬	1
櫞	1
櫑	1
櫟	1
檪	1
櫚	1
櫪	1
櫻	1
欅	1
蘖	1
櫺	1
欒	1
欖	1
欟	1
欸	1
欷	1
盜	1
欹	1
飮	1
歇	1
歃	1
歉	1
歐	1
歙	1
歔	1
歛	1
歟	1
歡	1
歸	1
歹	1
歿	1
殀	1
殄	1
殃	1
殍	1
殘	1
殕	1
殞	1
殤	1
殪	1
殫	1
殯	1
殲	1
殱	1
殳	1
殷	1
殼	1
毆	1
毋	1
毓	1
毟	1
毫	1
毳	1
毯	1
麾	1
氈	1
氓	1
气	1
氛	1
氤	1
氣	1
汞	1
汕	1
汢	1
汪	1
沂	1
沍	1
沚	1
沁	1
沛	1
汾	1
汨	1
汳	1
沒	1
沐	1
泄	1
泱	1
泓	1
沽	1
泗	1
泅	1
泝	1
沮	1
沱	1
沾	1
沺	1
泛	1
泯	1
泙	1
泪	1
洟	1
衍	1
洶	1
洫	1
洽	1
洙	1
洳	1
洒	1
洌	1
浣	1
涓	1
浤	1
浚	1
浹	1
浙	1
涎	1
涕	1
涅	1
淹	1
渕	1
渊	1
涵	1
淇	1
淦	1
涸	1
淆	1
淬	1
淞	1
淌	1
淨	1
淒	1
淅	1
淺	1
淙	1
淤	1
淕	1
淪	1
淮	1
渭	1
湮	1
渮	1
渙	1
湲	1
湟	1
渾	1
渣	1
湫	1
渫	1
湶	1
湍	1
渟	1
湃	1
渺	1
湎	1
渤	1
滿	1
渝	1
游	1
溂	1
溪	1
溘	1
溷	1
滓	1
溽	1
溯	1
滄	1
溲	1
滔	1
滕	1
溏	1
溥	1
滂	1
溟	1
潁	1
灌	1
滬	1
滸	1
滾	1
漿	1
滲	1
滯	1
漲	1
滌	1
漾	1
漓	1
滷	1
澆	1
潺	1
潸	1
澁	1
澀	1
潯	1
潛	1
濳	1
潭	1
澂	1
潼	1
潘	1
澎	1
澑	1
濂	1
潦	1
澳	1
澣	1
澡	1
澤	1
澹	1
濆	1
濟	1
濕	1
濬	1
濔	1
濘	1
濱	1
濮	1
濛	1
瀉	1
瀋	1
濺	1
瀑	1
瀁	1
瀏	1
濾	1
瀛	1
瀚	1
潴	1
瀝	1
瀘	1
瀟	1
瀰	1
瀾	1
瀲	1
灑	1
灣	1
炙	1
炒	1
炯	1
烱	1
炬	1
炸	1
炳	1
炮	1
烟	1
烋	1
烝	1
烙	1
焉	1
烽	1
焜	1
焙	1
煥	1
煕	1
熈	1
煦	1
煢	1
煌	1
煖	1
煬	1
熏	1
燻	1
熄	1
熕	1
熨	1
熬	1
燗	1
熹	1
熾	1
燒	1
燉	1
燔	1
燠	1
燬	1
燧	1
燵	1
燼	1
燹	1
爍	1
爐	1
爛	1
爨	1
爭	1
爬	1
爰	1
爲	1
爻	1
爼	1
爿	1
牀	1
牆	1
牋	1
牘	1
牴	1
牾	1
犂	1
犁	1
犇	1
犒	1
犖	1
犢	1
犧	1
犹	1
犲	1
狃	1
狆	1
狄	1
狎	1
狒	1
狢	1
狠	1
狡	1
狹	1
狷	1
倏	1
猗	1
猊	1
猜	1
猖	1
猝	1
猴	1
猯	1
猩	1
猥	1
猾	1
獎	1
獏	1
默	1
獗	1
獪	1
獨	1
獰	1
獸	1
獵	1
獻	1
獺	1
珈	1
玳	1
珎	1
玻	1
珀	1
珥	1
珮	1
珞	1
璢	1
琅	1
瑯	1
琥	1
珸	1
琲	1
琺	1
瑕	1
琿	1
瑟	1
瑙	1
瑁	1
瑜	1
瑩	1
瑰	1
瑣	1
瑪	1
瑾	1
璋	1
璞	1
璧	1
瓊	1
瓏	1
瓔	1
珱	1
瓠	1
瓣	1
瓧	1
瓩	1
瓮	1
瓲	1
瓰	1
瓱	1
瓸	1
瓷	1
甄	1
甃	1
甅	1
甌	1
甎	1
甍	1
甕	1
甓	1
甞	1
甦	1
甬	1
甼	1
畄	1
畍	1
畊	1
畉	1
畛	1
畆	1
畚	1
畩	1
畤	1
畧	1
畫	1
畭	1
畸	1
當	1
疆	1
疇	1
畴	1
疊	1
疉	1
疂	1
疔	1
疚	1
疝	1
疥	1
疣	1
痂	1
疳	1
痃	1
疵	1
疽	1
疸	1
疼	1
疱	1
痍	1
痊	1
痒	1
痙	1
痣	1
痞	1
痾	1
痿	1
痼	1
瘁	1
痰	1
痺	1
痲	1
痳	1
瘋	1
瘍	1
瘉	1
瘟	1
瘧	1
瘠	1
瘡	1
瘢	1
瘤	1
瘴	1
瘰	1
瘻	1
癇	1
癈	1
癆	1
癜	1
癘	1
癡	1
癢	1
癨	1
癩	1
癪	1
癧	1
癬	1
癰	1
癲	1
癶	1
癸	1
發	1
皀	1
皃	1
皈	1
皋	1
皎	1
皖	1
皙	1
皚	1
皰	1
皴	1
皸	1
皹	1
皺	1
盂	1
盍	1
盖	1
盒	1
盞	1
盡	1
盥	1
盧	1
盪	1
蘯	1
盻	1
眈	1
眇	1
眄	1
眩	1
眤	1
眞	1
眥	1
眦	1
眛	1
眷	1
睇	1
睚	1
睨	1
睫	1
睛	1
睥	1
睿	1
睾	1
睹	1
瞎	1
瞋	1
瞑	1
瞠	1
瞞	1
瞰	1
瞶	1
瞹	1
瞿	1
瞼	1
瞽	1
瞻	1
矇	1
矍	1
矗	1
矚	1
矜	1
矣	1
矮	1
矼	1
砌	1
砒	1
砠	1
礪	1
硅	1
碎	1
硴	1
碆	1
硼	1
碚	1
碌	1
碣	1
碵	1
碪	1
碯	1
磑	1
磆	1
磋	1
磔	1
碾	1
碼	1
磅	1
磊	1
磬	1
磧	1
磚	1
磽	1
磴	1
礇	1
礒	1
礑	1
礙	1
礬	1
礫	1
祀	1
祠	1
祗	1
祟	1
祚	1
祕	1
祓	1
祺	1
祿	1
禊	1
禝	1
禧	1
齋	1
禪	1
禮	1
禳	1
禹	1
禺	1
秉	1
秕	1
秧	1
秬	1
秡	1
秣	1
稈	1
稍	1
稘	1
稙	1
稠	1
稟	1
禀	1
稱	1
稻	1
稾	1
稷	1
穃	1
穗	1
穉	1
穡	1
穢	1
穩	1
穰	1
穹	1
穽	1
窈	1
窗	1
窕	1
窘	1
窖	1
窩	1
竈	1
窰	1
窶	1
竅	1
竄	1
窿	1
邃	1
竇	1
竊	1
竍	1
竏	1
竕	1
竓	1
站	1
竚	1
竝	1
竡	1
竢	1
竦	1
竭	1
竰	1
笂	1
笏	1
笊	1
笆	1
笳	1
笘	1
笞	1
笵	1
笨	1
笶	1
筐	1
筺	1
笄	1
筍	1
笋	1
筌	1
筅	1
筵	1
筥	1
筴	1
筧	1
筰	1
筱	1
筬	1
筮	1
箝	1
箘	1
箟	1
箍	1
箜	1
箚	1
箋	1
箒	1
箏	1
筝	1
箙	1
篋	1
篁	1
篌	1
篏	1
箴	1
篆	1
篝	1
篩	1
簑	1
簔	1
篦	1
篥	1
簀	1
簇	1
簓	1
篳	1
篷	1
簗	1
簍	1
篶	1
簣	1
簧	1
簪	1
簟	1
簷	1
簫	1
簽	1
籌	1
籃	1
籔	1
籏	1
籀	1
籐	1
籘	1
籟	1
籤	1
籖	1
籥	1
籬	1
籵	1
粃	1
粐	1
粤	1
粭	1
粢	1
粫	1
粡	1
粨	1
粳	1
粲	1
粱	1
粮	1
粹	1
粽	1
糀	1
糅	1
糂	1
糘	1
糒	1
糜	1
糢	1
鬻	1
糯	1
糲	1
糴	1
糶	1
糺	1
紆	1
紂	1
紜	1
紕	1
紊	1
絅	1
絋	1
紮	1
紲	1
紿	1
紵	1
絆	1
絳	1
絖	1
絎	1
絲	1
絨	1
絮	1
絏	1
絣	1
經	1
綉	1
絛	1
綏	1
絽	1
綛	1
綮	1
綣	1
綵	1
緇	1
綽	1
綫	1
總	1
綢	1
綯	1
緜	1
綟	1
綰	1
緘	1
緝	1
緤	1
緞	1
緻	1
緲	1
緡	1
縅	1
縊	1
縣	1
縡	1
縒	1
縱	1
縟	1
縉	1
縋	1
縢	1
繆	1
繦	1
縻	1
縵	1
縹	1
繃	1
縷	1
縲	1
縺	1
繧	1
繝	1
繖	1
繞	1
繙	1
繚	1
繹	1
繪	1
繩	1
繼	1
繻	1
纃	1
緕	1
繽	1
辮	1
繿	1
纈	1
纉	1
續	1
纒	1
纐	1
纓	1
纔	1
纖	1
纎	1
纛	1
纜	1
缸	1
缺	1
罅	1
罌	1
罍	1
罎	1
罐	1
网	1
罕	1
罔	1
罘	1
罟	1
罠	1
罨	1
罩	1
罧	1
罸	1
羂	1
羆	1
羃	1
羈	1
羇	1
羌	1
羔	1
羞	1
羝	1
羚	1
羣	1
羯	1
羲	1
羹	1
羮	1
羶	1
羸	1
譱	1
翅	1
翆	1
翊	1
翕	1
翡	1
翦	1
翩	1
翳	1
翹	1
飜	1
耆	1
耄	1
耋	1
耒	1
耘	1
耙	1
耜	1
耡	1
耨	1
耿	1
耻	1
聊	1
聆	1
聒	1
聘	1
聚	1
聟	1
聢	1
聨	1
聳	1
聲	1
聰	1
聶	1
聹	1
聽	1
聿	1
肄	1
肆	1
肅	1
肛	1
肓	1
肚	1
肭	1
冐	1
肬	1
胛	1
胥	1
胙	1
胝	1
胄	1
胚	1
胖	1
脉	1
胯	1
胱	1
脛	1
脣	1
脯	1
腋	1
隋	1
腆	1
脾	1
腓	1
腑	1
胼	1
腱	1
腮	1
腥	1
腦	1
腴	1
膃	1
膈	1
膊	1
膀	1
膂	1
膠	1
膕	1
膤	1
膣	1
腟	1
膓	1
膩	1
膰	1
膵	1
膾	1
膸	1
膽	1
臀	1
臂	1
膺	1
臉	1
臍	1
臑	1
臙	1
臘	1
臈	1
臚	1
臟	1
臠	1
臧	1
臺	1
臻	1
臾	1
舁	1
舂	1
舅	1
與	1
舊	1
舍	1
舐	1
舖	1
舩	1
舫	1
舸	1
舳	1
艀	1
艙	1
艘	1
艝	1
艚	1
艟	1
艤	1
艢	1
艨	1
艪	1
艫	1
舮	1
艱	1
艷	1
艸	1
艾	1
芍	1
芒	1
芫	1
芟	1
芻	1
芬	1
苡	1
苣	1
苟	1
苴	1
苳	1
苺	1
莓	1
范	1
苻	1
苹	1
苞	1
茆	1
苜	1
苙	1
茵	1
茴	1
茖	1
茲	1
茱	1
荀	1
茹	1
荐	1
荅	1
茯	1
茫	1
茗	1
茘	1
莅	1
莚	1
莪	1
莟	1
莢	1
莖	1
茣	1
莎	1
莇	1
莊	1
荼	1
莵	1
荳	1
荵	1
莠	1
莨	1
菴	1
萓	1
菎	1
菽	1
萃	1
菘	1
萋	1
菁	1
菷	1
萇	1
菠	1
菲	1
萍	1
萢	1
萠	1
莽	1
萸	1
蔆	1
菻	1
葭	1
萪	1
萼	1
蕚	1
蒄	1
葷	1
葫	1
蒭	1
葮	1
蒂	1
葩	1
葆	1
萬	1
葯	1
葹	1
萵	1
蓊	1
葢	1
蒹	1
蒿	1
蒟	1
蓙	1
蓍	1
蒻	1
蓚	1
蓐	1
蓁	1
蓆	1
蓖	1
蒡	1
蔡	1
蓿	1
蓴	1
蔗	1
蔘	1
蔬	1
蔟	1
蔕	1
蔔	1
蓼	1
蕀	1
蕣	1
蕘	1
蕈	1
蕁	1
蘂	1
蕋	1
蕕	1
薀	1
薤	1
薈	1
薑	1
薊	1
薨	1
蕭	1
薔	1
薛	1
藪	1
薇	1
薜	1
蕷	1
蕾	1
薐	1
藉	1
薺	1
藏	1
薹	1
藐	1
藕	1
藝	1
藥	1
藜	1
藹	1
蘊	1
蘓	1
蘋	1
藾	1
藺	1
蘆	1
蘢	1
蘚	1
蘰	1
蘿	1
虍	1
乕	1
虔	1
號	1
虧	1
虱	1
蚓	1
蚣	1
蚩	1
蚪	1
蚋	1
蚌	1
蚶	1
蚯	1
蛄	1
蛆	1
蚰	1
蛉	1
蠣	1
蚫	1
蛔	1
蛞	1
蛩	1
蛬	1
蛟	1
蛯	1
蜒	1
蜆	1
蜈	1
蜀	1
蜃	1
蛻	1
蜑	1
蜉	1
蜍	1
蛹	1
蜊	1
蜴	1
蜿	1
蜷	1
蜻	1
蜥	1
蜩	1
蜚	1
蝠	1
蝟	1
蝸	1
蝌	1
蝎	1
蝴	1
蝗	1
蝨	1
蝮	1
蝙	1
蝓	1
蝣	1
蝪	1
蠅	1
螢	1
螟	1
螂	1
螯	1
蟋	1
螽	1
蟀	1
蟐	1
雖	1
螫	1
蟄	1
螳	1
蟇	1
蟆	1
螻	1
蟯	1
蟲	1
蟠	1
蠏	1
蠍	1
蟾	1
蟶	1
蟷	1
蠎	1
蟒	1
蠑	1
蠖	1
蠕	1
蠢	1
蠡	1
蠱	1
蠶	1
蠹	1
蠧	1
蠻	1
衄	1
衂	1
衒	1
衙	1
衞	1
衢	1
衫	1
袁	1
衾	1
袞	1
衵	1
衽	1
袵	1
衲	1
袂	1
袗	1
袒	1
袮	1
袙	1
袢	1
袍	1
袤	1
袰	1
袿	1
袱	1
裃	1
裄	1
裔	1
裘	1
裙	1
裝	1
裹	1
褂	1
裼	1
裴	1
裨	1
裲	1
褄	1
褌	1
褊	1
褓	1
襃	1
褞	1
褥	1
褪	1
褫	1
襁	1
襄	1
褻	1
褶	1
褸	1
襌	1
褝	1
襠	1
襞	1
襦	1
襤	1
襭	1
襪	1
襯	1
襴	1
襷	1
襾	1
覃	1
覈	1
覊	1
覓	1
覘	1
覡	1
覩	1
覦	1
覬	1
覯	1
覲	1
覺	1
覽	1
覿	1
觀	1
觚	1
觜	1
觝	1
觧	1
觴	1
觸	1
訃	1
訖	1
訐	1
訌	1
訛	1
訝	1
訥	1
訶	1
詁	1
詛	1
詒	1
詆	1
詈	1
詼	1
詭	1
詬	1
誅	1
誂	1
誄	1
誨	1
誡	1
誑	1
誥	1
誦	1
誚	1
誣	1
諍	1
諂	1
諚	1
諫	1
諳	1
諧	1
諤	1
諱	1
謔	1
諠	1
諢	1
諷	1
諞	1
諛	1
謌	1
謇	1
謚	1
諡	1
謖	1
謐	1
謗	1
謠	1
謳	1
鞫	1
謦	1
謫	1
謾	1
謨	1
譁	1
譌	1
譏	1
譎	1
證	1
譖	1
譛	1
譚	1
譫	1
譟	1
譬	1
譯	1
譴	1
譽	1
讀	1
讌	1
讎	1
讒	1
讓	1
讖	1
讙	1
讚	1
谺	1
豁	1
谿	1
豈	1
豌	1
豎	1
豐	1
豕	1
豢	1
豬	1
豸	1
豺	1
貂	1
貉	1
貅	1
貊	1
貍	1
貎	1
貔	1
豼	1
貘	1
戝	1
貭	1
貪	1
貽	1
貲	1
貳	1
貮	1
貶	1
賈	1
賁	1
賤	1
賣	1
賚	1
賽	1
賺	1
賻	1
贄	1
贅	1
贊	1
贇	1
贏	1
贍	1
贐	1
齎	1
贓	1
賍	1
贔	1
贖	1
赧	1
赭	1
赱	1
趁	1
趙	1
跂	1
趾	1
趺	1
跏	1
跚	1
跖	1
跌	1
跛	1
跋	1
跪	1
跫	1
跟	1
跣	1
跼	1
踈	1
踉	1
跿	1
踝	1
踞	1
踐	1
踟	1
蹂	1
踵	1
踰	1
踴	1
蹊	1
蹇	1
蹉	1
蹌	1
蹐	1
蹈	1
蹙	1
蹤	1
蹠	1
踪	1
蹣	1
蹕	1
蹶	1
蹲	1
蹼	1
躁	1
躇	1
躅	1
躄	1
躋	1
躊	1
躓	1
躑	1
躔	1
躙	1
躪	1
躡	1
躬	1
躰	1
軆	1
躱	1
躾	1
軅	1
軈	1
軋	1
軛	1
軣	1
軼	1
軻	1
軫	1
軾	1
輊	1
輅	1
輕	1
輒	1
輙	1
輓	1
輜	1
輟	1
輛	1
輌	1
輦	1
輳	1
輻	1
輹	1
轅	1
轂	1
輾	1
轌	1
轉	1
轆	1
轎	1
轗	1
轜	1
轢	1
轣	1
轤	1
辜	1
辟	1
辣	1
辭	1
辯	1
辷	1
迚	1
迥	1
迢	1
迯	1
邇	1
迴	1
逅	1
迹	1
逑	1
逕	1
逡	1
逍	1
逞	1
逖	1
逋	1
逧	1
逶	1
逵	1
逹	1
迸	1
遏	1
遐	1
遑	1
遒	1
逎	1
遉	1
逾	1
遖	1
遘	1
遞	1
遨	1
遯	1
遶	1
隨	1
遲	1
邂	1
遽	1
邁	1
邀	1
邊	1
邉	1
邏	1
邨	1
邯	1
邱	1
邵	1
郢	1
郤	1
扈	1
郛	1
鄂	1
鄒	1
鄙	1
鄲	1
鄰	1
酊	1
酖	1
酘	1
酣	1
酥	1
酩	1
酳	1
酲	1
醋	1
醉	1
醂	1
醢	1
醫	1
醯	1
醪	1
醵	1
醴	1
醺	1
釀	1
釁	1
釉	1
釋	1
釐	1
釖	1
釟	1
釡	1
釛	1
釼	1
釵	1
釶	1
鈞	1
釿	1
鈔	1
鈬	1
鈕	1
鈑	1
鉞	1
鉗	1
鉅	1
鉉	1
鉈	1
銕	1
鈿	1
鉋	1
鉐	1
銜	1
銖	1
銓	1
銛	1
鉚	1
鋏	1
銹	1
銷	1
鋩	1
錏	1
鋺	1
鍄	1
錮	1
錙	1
錢	1
錚	1
錣	1
錺	1
錵	1
錻	1
鍜	1
鍠	1
鍼	1
鍮	1
鍖	1
鎰	1
鎬	1
鎭	1
鎔	1
鎹	1
鏖	1
鏗	1
鏨	1
鏥	1
鏘	1
鏃	1
鏝	1
鏐	1
鏈	1
鏤	1
鐚	1
鐔	1
鐓	1
鐃	1
鐇	1
鐐	1
鐶	1
鐫	1
鐵	1
鐡	1
鐺	1
鑁	1
鑒	1
鑄	1
鑛	1
鑠	1
鑢	1
鑞	1
鑪	1
鈩	1
鑰	1
鑵	1
鑷	1
鑽	1
鑚	1
鑼	1
鑾	1
钁	1
鑿	1
閂	1
閇	1
閊	1
閔	1
閖	1
閘	1
閙	1
閠	1
閨	1
閧	1
閭	1
閼	1
閻	1
閹	1
閾	1
闊	1
濶	1
闃	1
闍	1
闌	1
闕	1
闔	1
闖	1
關	1
闡	1
闥	1
闢	1
阡	1
阨	1
阮	1
阯	1
陂	1
陌	1
陏	1
陋	1
陷	1
陜	1
陞	1
陝	1
陟	1
陦	1
陲	1
陬	1
隍	1
隘	1
隕	1
隗	1
險	1
隧	1
隱	1
隲	1
隰	1
隴	1
隶	1
隸	1
隹	1
雎	1
雋	1
雉	1
雍	1
襍	1
雜	1
霍	1
雕	1
雹	1
霄	1
霆	1
霈	1
霓	1
霎	1
霑	1
霏	1
霖	1
霙	1
霤	1
霪	1
霰	1
霹	1
霽	1
霾	1
靄	1
靆	1
靈	1
靂	1
靉	1
靜	1
靠	1
靤	1
靦	1
靨	1
勒	1
靫	1
靱	1
靹	1
鞅	1
靼	1
鞁	1
靺	1
鞆	1
鞋	1
鞏	1
鞐	1
鞜	1
鞨	1
鞦	1
鞣	1
鞳	1
鞴	1
韆	1
韈	1
韋	1
韜	1
韭	1
齏	1
韲	1
竟	1
韶	1
韵	1
頏	1
頸	1
頤	1
頡	1
頷	1
頽	1
顆	1
顏	1
顋	1
顫	1
顯	1
顰	1
顱	1
顴	1
顳	1
颪	1
颱	1
颶	1
飄	1
飃	1
飆	1
飩	1
飫	1
餃	1
餉	1
餒	1
餔	1
餘	1
餡	1
餝	1
餞	1
餤	1
餠	1
餬	1
餮	1
餽	1
餾	1
饂	1
饉	1
饅	1
饐	1
饋	1
饑	1
饒	1
饌	1
饕	1
馗	1
馘	1
馥	1
馭	1
馮	1
馼	1
駟	1
駛	1
駝	1
駘	1
駑	1
駭	1
駮	1
駱	1
駲	1
駻	1
駸	1
騁	1
騏	1
騅	1
駢	1
騙	1
騫	1
騷	1
驅	1
驂	1
驀	1
驃	1
騾	1
驕	1
驍	1
驛	1
驗	1
驟	1
驢	1
驥	1
驤	1
驩	1
驫	1
驪	1
骭	1
骰	1
骼	1
髀	1
髏	1
髑	1
髓	1
體	1
髞	1
髟	1
髢	1
髣	1
髦	1
髯	1
髫	1
髮	1
髴	1
髱	1
髷	1
髻	1
鬆	1
鬘	1
鬚	1
鬟	1
鬢	1
鬣	1
鬥	1
鬧	1
鬨	1
鬩	1
鬪	1
鬮	1
鬯	1
鬲	1
魄	1
魃	1
魏	1
魍	1
魎	1
魑	1
魘	1
魴	1
鮓	1
鮃	1
鮑	1
鮖	1
鮗	1
鮟	1
鮠	1
鮨	1
鮴	1
鯀	1
鯊	1
鮹	1
鯆	1
鯏	1
鯑	1
鯒	1
鯣	1
鯢	1
鯤	1
鯔	1
鯡	1
鰺	1
鯲	1
鯱	1
鯰	1
鰕	1
鰔	1
鰉	1
鰓	1
鰌	1
鰆	1
鰈	1
鰒	1
鰊	1
鰄	1
鰮	1
鰛	1
鰥	1
鰤	1
鰡	1
鰰	1
鱇	1
鰲	1
鱆	1
鰾	1
鱚	1
鱠	1
鱧	1
鱶	1
鱸	1
鳧	1
鳬	1
鳰	1
鴉	1
鴈	1
鳫	1
鴃	1
鴆	1
鴪	1
鶯	1
鴣	1
鴟	1
鵄	1
鴕	1
鴒	1
鵁	1
鴿	1
鴾	1
鵆	1
鵈	1
鵝	1
鵞	1
鵤	1
鵑	1
鵐	1
鵙	1
鵲	1
鶉	1
鶇	1
鶫	1
鵯	1
鵺	1
鶚	1
鶤	1
鶩	1
鶲	1
鷄	1
鷁	1
鶻	1
鶸	1
鶺	1
鷆	1
鷏	1
鷂	1
鷙	1
鷓	1
鷸	1
鷦	1
鷭	1
鷯	1
鷽	1
鸛	1
鸞	1
鹵	1
鹹	1
鹽	1
麁	1
麈	1
麋	1
麌	1
麕	1
麑	1
麝	1
麥	1
麩	1
麸	1
麪	1
麭	1
靡	1
黌	1
黏	1
黐	1
黔	1
黜	1
點	1
黝	1
黠	1
黥	1
黨	1
黯	1
黴	1
黶	1
黷	1
黹	1
黻	1
黼	1
黽	1
鼇	1
鼈	1
皷	1
鼕	1
鼡	1
鼬	1
鼾	1
齊	1
齒	1
齔	1
齣	1
齟	1
齠	1
齡	1
齦	1
齧	1
齬	1
齪	1
齷	1
齲	1
齶	1
龕	1
龜	1
龠	1
堯	1
槇	1
遙	1
瑤	1
